name,ra,dec,mjd_min,mjd_max
SN2023bg,07:42:17.530,-24:22:45.84,59930.0,60050.0
SN2026aip,40.641419677778,-27.350850566667,61050.0